{
    "Text1": [
        387.36932373046875,
        76.57421112060547,
        468.9706726074219,
        101.1465072631836
    ],
    "Text2": [
        209.6581268310547,
        468.9224548339844,
        422.90618896484375,
        505.0021057128906
    ],
    "Text3": [
        199.9273223876953,
        724.3139038085938,
        468.0074462890625,
        761.3775634765625
    ],
    "Text4": [
        162.94744873046875,
        441.403076171875,
        224.57684326171875,
        461.7514953613281
    ],
    "Text5": [
        202.92294311523438,
        575.9932250976562,
        415.540771484375,
        616.9049072265625
    ],
    "Text6": [
        291.688232421875,
        521.5150146484375,
        639.2701416015625,
        561.748046875
    ],
    "Text7": [
        160.94503784179688,
        696.28662109375,
        269.1239929199219,
        716.064697265625
    ],
    "Text8": [
        247.0176239013672,
        776.3663330078125,
        672.6466064453125,
        821.2426147460938
    ],
    "Text9": [
        150.95822143554688,
        1061.310302734375,
        665.3628540039062,
        1092.0863037109375
    ],
    "Text10": [
        116.86820983886719,
        1100.2493896484375,
        559.1860961914062,
        1131.558837890625
    ],
    "Text11": [
        149.63394165039062,
        136.1141357421875,
        663.2753295898438,
        167.49546813964844
    ],
    "Math1": [
        158.13478088378906,
        1028.63330078125,
        470.7159729003906,
        1056.1064453125
    ],
    "Text12": [
        126.17295837402344,
        393.89691162109375,
        328.2838439941406,
        422.0099182128906
    ],
    "Text13": [
        292.8764953613281,
        630.7213745117188,
        668.5047607421875,
        676.9620971679688
    ],
    "Text14": [
        419.89666748046875,
        198.88438415527344,
        661.5845947265625,
        234.3111572265625
    ],
    "Text15": [
        610.3436889648438,
        336.5321044921875,
        665.5094604492188,
        366.42431640625
    ],
    "Text16": [
        368.4722900390625,
        268.9160461425781,
        663.9639282226562,
        298.78546142578125
    ],
    "Math2": [
        152.01947021484375,
        990.603759765625,
        498.3550720214844,
        1017.0878295898438
    ],
    "Text17": [
        151.49929809570312,
        856.885986328125,
        674.428955078125,
        887.5219116210938
    ],
    "Math3": [
        124.29765319824219,
        951.1422729492188,
        279.75701904296875,
        977.6156005859375
    ],
    "Math4": [
        134.68118286132812,
        193.6353759765625,
        413.78759765625,
        244.6075897216797
    ],
    "Text18": [
        117.16704559326172,
        908.4178466796875,
        664.841552734375,
        941.8121337890625
    ],
    "Math5": [
        129.1261444091797,
        261.2910461425781,
        368.0914001464844,
        313.3733215332031
    ],
    "Math6": [
        325.30108642578125,
        329.05841064453125,
        578.3587036132812,
        383.8668518066406
    ],
    "Text19": [
        199.5773468017578,
        338.9071044921875,
        302.5859680175781,
        367.9983825683594
    ],
    "Math7": [
        131.4755401611328,
        126.67159271240234,
        163.11746215820312,
        182.54100036621094
    ],
    "Math8": [
        127.99429321289062,
        331.590576171875,
        197.4413604736328,
        384.3666076660156
    ]
}